BEGIN TRANSACTION;
CREATE TABLE "auth_group" ("id" integer NOT NULL PRIMARY KEY AUTO_INCREMENT, "name" varchar(150) NOT NULL UNIQUE);
CREATE TABLE "auth_group_permissions" ("id" integer NOT NULL PRIMARY KEY AUTO_INCREMENT, "group_id" integer NOT NULL REFERENCES "auth_group" ("id") DEFERRABLE INITIALLY DEFERRED, "permission_id" integer NOT NULL REFERENCES "auth_permission" ("id") DEFERRABLE INITIALLY DEFERRED);
CREATE TABLE "auth_permission" ("id" integer NOT NULL PRIMARY KEY AUTO_INCREMENT, "content_type_id" integer NOT NULL REFERENCES "django_content_type" ("id") DEFERRABLE INITIALLY DEFERRED, "codename" varchar(100) NOT NULL, "name" varchar(255) NOT NULL);
INSERT INTO "auth_permission" VALUES(1,1,'add_logentry','Can add log entry');
INSERT INTO "auth_permission" VALUES(2,1,'change_logentry','Can change log entry');
INSERT INTO "auth_permission" VALUES(3,1,'delete_logentry','Can delete log entry');
INSERT INTO "auth_permission" VALUES(4,1,'view_logentry','Can view log entry');
INSERT INTO "auth_permission" VALUES(5,2,'add_permission','Can add permission');
INSERT INTO "auth_permission" VALUES(6,2,'change_permission','Can change permission');
INSERT INTO "auth_permission" VALUES(7,2,'delete_permission','Can delete permission');
INSERT INTO "auth_permission" VALUES(8,2,'view_permission','Can view permission');
INSERT INTO "auth_permission" VALUES(9,3,'add_group','Can add group');
INSERT INTO "auth_permission" VALUES(10,3,'change_group','Can change group');
INSERT INTO "auth_permission" VALUES(11,3,'delete_group','Can delete group');
INSERT INTO "auth_permission" VALUES(12,3,'view_group','Can view group');
INSERT INTO "auth_permission" VALUES(13,4,'add_user','Can add user');
INSERT INTO "auth_permission" VALUES(14,4,'change_user','Can change user');
INSERT INTO "auth_permission" VALUES(15,4,'delete_user','Can delete user');
INSERT INTO "auth_permission" VALUES(16,4,'view_user','Can view user');
INSERT INTO "auth_permission" VALUES(17,5,'add_contenttype','Can add content type');
INSERT INTO "auth_permission" VALUES(18,5,'change_contenttype','Can change content type');
INSERT INTO "auth_permission" VALUES(19,5,'delete_contenttype','Can delete content type');
INSERT INTO "auth_permission" VALUES(20,5,'view_contenttype','Can view content type');
INSERT INTO "auth_permission" VALUES(21,6,'add_session','Can add session');
INSERT INTO "auth_permission" VALUES(22,6,'change_session','Can change session');
INSERT INTO "auth_permission" VALUES(23,6,'delete_session','Can delete session');
INSERT INTO "auth_permission" VALUES(24,6,'view_session','Can view session');
INSERT INTO "auth_permission" VALUES(25,7,'add_course','Can add course');
INSERT INTO "auth_permission" VALUES(26,7,'change_course','Can change course');
INSERT INTO "auth_permission" VALUES(27,7,'delete_course','Can delete course');
INSERT INTO "auth_permission" VALUES(28,7,'view_course','Can view course');
INSERT INTO "auth_permission" VALUES(29,8,'add_note','Can add note');
INSERT INTO "auth_permission" VALUES(30,8,'change_note','Can change note');
INSERT INTO "auth_permission" VALUES(31,8,'delete_note','Can delete note');
INSERT INTO "auth_permission" VALUES(32,8,'view_note','Can view note');
INSERT INTO "auth_permission" VALUES(33,9,'add_userprofile','Can add user profile');
INSERT INTO "auth_permission" VALUES(34,9,'change_userprofile','Can change user profile');
INSERT INTO "auth_permission" VALUES(35,9,'delete_userprofile','Can delete user profile');
INSERT INTO "auth_permission" VALUES(36,9,'view_userprofile','Can view user profile');
INSERT INTO "auth_permission" VALUES(37,10,'add_enrollment','Can add enrollment');
INSERT INTO "auth_permission" VALUES(38,10,'change_enrollment','Can change enrollment');
INSERT INTO "auth_permission" VALUES(39,10,'delete_enrollment','Can delete enrollment');
INSERT INTO "auth_permission" VALUES(40,10,'view_enrollment','Can view enrollment');
INSERT INTO "auth_permission" VALUES(41,11,'add_eleve','Can add eleve');
INSERT INTO "auth_permission" VALUES(42,11,'change_eleve','Can change eleve');
INSERT INTO "auth_permission" VALUES(43,11,'delete_eleve','Can delete eleve');
INSERT INTO "auth_permission" VALUES(44,11,'view_eleve','Can view eleve');
INSERT INTO "auth_permission" VALUES(45,12,'add_professeur','Can add professeur');
INSERT INTO "auth_permission" VALUES(46,12,'change_professeur','Can change professeur');
INSERT INTO "auth_permission" VALUES(47,12,'delete_professeur','Can delete professeur');
INSERT INTO "auth_permission" VALUES(48,12,'view_professeur','Can view professeur');
INSERT INTO "auth_permission" VALUES(49,13,'add_classe','Can add classe');
INSERT INTO "auth_permission" VALUES(50,13,'change_classe','Can change classe');
INSERT INTO "auth_permission" VALUES(51,13,'delete_classe','Can delete classe');
INSERT INTO "auth_permission" VALUES(52,13,'view_classe','Can view classe');
INSERT INTO "auth_permission" VALUES(53,14,'add_cours','Can add cours');
INSERT INTO "auth_permission" VALUES(54,14,'change_cours','Can change cours');
INSERT INTO "auth_permission" VALUES(55,14,'delete_cours','Can delete cours');
INSERT INTO "auth_permission" VALUES(56,14,'view_cours','Can view cours');
INSERT INTO "auth_permission" VALUES(57,15,'add_note','Can add note');
INSERT INTO "auth_permission" VALUES(58,15,'change_note','Can change note');
INSERT INTO "auth_permission" VALUES(59,15,'delete_note','Can delete note');
INSERT INTO "auth_permission" VALUES(60,15,'view_note','Can view note');
CREATE TABLE "auth_user" ("id" integer NOT NULL PRIMARY KEY AUTO_INCREMENT, "password" varchar(128) NOT NULL, "last_login" datetime NULL, "is_superuser" bool NOT NULL, "username" varchar(150) NOT NULL UNIQUE, "last_name" varchar(150) NOT NULL, "email" varchar(254) NOT NULL, "is_staff" bool NOT NULL, "is_active" bool NOT NULL, "date_joined" datetime NOT NULL, "first_name" varchar(150) NOT NULL);
INSERT INTO "auth_user" VALUES(1,'pbkdf2_sha256$1000000$6nLamlxXvf53pPcZrRTkXs$woGocQQVzWHDb4IInfAi12bsftmYFTQbEnQi769GOdU=',NULL,1,'badr','','badrBenhamza@gmail.com',1,1,'2025-04-23 19:16:12.613376','');
INSERT INTO "auth_user" VALUES(2,'pbkdf2_sha256$1000000$YduEXP8dwCmOZ238UjHnk0$ZvA4a+O5NVh9kwrQMFkh/LzR1MiF1UV/iEYnkssFHcM=','2025-05-15 14:02:26.506191',1,'badr1','','BADR@gmail.com',1,1,'2025-04-23 19:17:38.616354','');
INSERT INTO "auth_user" VALUES(4,'pbkdf2_sha256$1000000$IZ1vmYp9BcHFWnqFVYi1fN$gbktDJfue2gQoDGrgUHHONYyX8ZAJBCzpLK9KDXZhRw=','2025-04-24 08:56:58.217605',0,'pedro','benhamza','pedro@gmail.com',0,1,'2025-04-24 08:56:56.742769','pedro');
INSERT INTO "auth_user" VALUES(6,'pbkdf2_sha256$1000000$YfNHORVKkbQPeygb7RyhAJ$0kysTLWC+3oq/tWFAm5qR9NKtod4BnNDrf/uwia7cjw=',NULL,0,'elkouali','kouali','l2oustad@gmail.com',0,1,'2025-04-24 09:12:07.306084','l2oustad');
INSERT INTO "auth_user" VALUES(7,'pbkdf2_sha256$1000000$CW5o08858sJ47MiXe3ucIz$MVNawYnSFwvQQO3bmnVYpL02NaS62nSOBHvQCUEK/JM=','2025-04-24 09:27:10.126033',0,'vinicious','junior','vinijunior@gmail.com',0,1,'2025-04-24 09:26:48.030864','vini');
INSERT INTO "auth_user" VALUES(8,'pbkdf2_sha256$1000000$1WDLvnXTKzOt7nqrD0FUV0$4XvsNemL9VFFINRiGZEXfrUEfLlg3y+5uLxMRvZa6Cg=','2025-05-04 13:39:50.916044',1,'root','','root@gmail.com',1,1,'2025-05-04 13:26:29.150813','');
INSERT INTO "auth_user" VALUES(9,'pbkdf2_sha256$1000000$9meWGLrC6PijSc4K2qoPdT$5PSly5Ayc1Ytat5yIqkrMZDXoFr6ZFcKa6tO0W/2BXU=','2025-05-12 16:35:11.943122',0,'pidri','gonzaliz','pidri@gmail.com',0,1,'2025-05-12 16:24:23.667334','pidri');
INSERT INTO "auth_user" VALUES(10,'pbkdf2_sha256$1000000$3gwwUCEwf2udQlDpSIHqXd$rLy28uUUVtmVpTC6Ss0UJ5FbG2/WnZr0VEaCa0ZbFIE=','2025-05-12 16:40:47.535315',0,'bellingol','bilingham','belli@gmail.com',0,1,'2025-05-12 16:33:32.515298','jawad');
CREATE TABLE "auth_user_groups" ("id" integer NOT NULL PRIMARY KEY AUTO_INCREMENT, "user_id" integer NOT NULL REFERENCES "auth_user" ("id") DEFERRABLE INITIALLY DEFERRED, "group_id" integer NOT NULL REFERENCES "auth_group" ("id") DEFERRABLE INITIALLY DEFERRED);
CREATE TABLE "auth_user_user_permissions" ("id" integer NOT NULL PRIMARY KEY AUTO_INCREMENT, "user_id" integer NOT NULL REFERENCES "auth_user" ("id") DEFERRABLE INITIALLY DEFERRED, "permission_id" integer NOT NULL REFERENCES "auth_permission" ("id") DEFERRABLE INITIALLY DEFERRED);
CREATE TABLE "bawabati_app_course" ("id" integer NOT NULL PRIMARY KEY AUTO_INCREMENT, "title" varchar(200) NOT NULL, "description" text NOT NULL, "capacity" integer unsigned NOT NULL CHECK ("capacity" >= 0), "created_at" datetime NOT NULL, "end_date" date NOT NULL, "instructor_id" integer NULL REFERENCES "auth_user" ("id") DEFERRABLE INITIALLY DEFERRED, "start_date" date NOT NULL, "updated_at" datetime NOT NULL);
INSERT INTO "bawabati_app_course" VALUES(1,'python','python essentials course',30,'2025-05-04 13:25:25.954504','2025-08-02',10,'2025-05-04','2025-05-12 16:34:32.583353');
INSERT INTO "bawabati_app_course" VALUES(2,'cpp','course cpp',30,'2025-05-15 14:06:06.108960','2025-08-13',10,'2025-05-15','2025-05-15 14:06:06.170766');
CREATE TABLE "bawabati_app_enrollment" ("id" integer NOT NULL PRIMARY KEY AUTO_INCREMENT, "enrollment_date" datetime NOT NULL, "course_id" bigint NOT NULL REFERENCES "bawabati_app_course" ("id") DEFERRABLE INITIALLY DEFERRED, "student_id" integer NOT NULL REFERENCES "auth_user" ("id") DEFERRABLE INITIALLY DEFERRED, "status" varchar(10) NOT NULL);
CREATE TABLE "bawabati_app_note" ("id" integer NOT NULL PRIMARY KEY AUTO_INCREMENT, "title" varchar(200) NOT NULL, "course_id" bigint NOT NULL REFERENCES "bawabati_app_course" ("id") DEFERRABLE INITIALLY DEFERRED, "uploaded_by_id" integer NOT NULL REFERENCES "auth_user" ("id") DEFERRABLE INITIALLY DEFERRED, "content" text NOT NULL, "created_at" datetime NOT NULL, "updated_at" datetime NOT NULL, "file" varchar(100) NULL);
INSERT INTO "bawabati_app_note" VALUES(1,'python',1,2,'','2025-05-04 13:25:26.292363','2025-05-04 13:25:26.344791','notes/Série_3_POO_partie_1.pdf');
INSERT INTO "bawabati_app_note" VALUES(2,'cpp',2,2,'cpp','2025-05-15 14:07:39.303413','2025-05-15 14:07:39.325317','notes/diagramme_sequence.pdf');
CREATE TABLE "bawabati_app_userprofile" ("id" integer NOT NULL PRIMARY KEY AUTO_INCREMENT, "role" varchar(10) NOT NULL, "user_id" integer NOT NULL UNIQUE REFERENCES "auth_user" ("id") DEFERRABLE INITIALLY DEFERRED, "profile_picture" varchar(100) NULL, "bio" text NOT NULL, "phone_number" varchar(15) NOT NULL);
INSERT INTO "bawabati_app_userprofile" VALUES(1,'student',1,NULL,'','');
INSERT INTO "bawabati_app_userprofile" VALUES(2,'admin',2,'','','');
INSERT INTO "bawabati_app_userprofile" VALUES(4,'student',4,NULL,'','');
INSERT INTO "bawabati_app_userprofile" VALUES(6,'teacher',6,NULL,'','');
INSERT INTO "bawabati_app_userprofile" VALUES(7,'student',7,NULL,'','');
INSERT INTO "bawabati_app_userprofile" VALUES(8,'student',8,'','','');
INSERT INTO "bawabati_app_userprofile" VALUES(9,'student',9,'profile_pics/photo.jpg','','');
INSERT INTO "bawabati_app_userprofile" VALUES(10,'teacher',10,'','','');
CREATE TABLE "courses_classe" ("id" integer NOT NULL PRIMARY KEY AUTO_INCREMENT, "nom" varchar(20) NOT NULL, "niveau" varchar(50) NOT NULL);
CREATE TABLE "courses_cours" ("id" integer NOT NULL PRIMARY KEY AUTO_INCREMENT, "nom" varchar(100) NOT NULL, "classe_id" bigint NOT NULL REFERENCES "courses_classe" ("id") DEFERRABLE INITIALLY DEFERRED, "professeur_id" bigint NULL REFERENCES "teachers_professeur" ("id") DEFERRABLE INITIALLY DEFERRED);
CREATE TABLE "django_admin_log" ("id" integer NOT NULL PRIMARY KEY AUTO_INCREMENT, "object_id" text NULL, "object_repr" varchar(200) NOT NULL, "action_flag" smallint unsigned NOT NULL CHECK ("action_flag" >= 0), "change_message" text NOT NULL, "content_type_id" integer NULL REFERENCES "django_content_type" ("id") DEFERRABLE INITIALLY DEFERRED, "user_id" integer NOT NULL REFERENCES "auth_user" ("id") DEFERRABLE INITIALLY DEFERRED, "action_time" datetime NOT NULL);
CREATE TABLE "django_content_type" ("id" integer NOT NULL PRIMARY KEY AUTO_INCREMENT, "app_label" varchar(100) NOT NULL, "model" varchar(100) NOT NULL);
INSERT INTO "django_content_type" VALUES(1,'admin','logentry');
INSERT INTO "django_content_type" VALUES(2,'auth','permission');
INSERT INTO "django_content_type" VALUES(3,'auth','group');
INSERT INTO "django_content_type" VALUES(4,'auth','user');
INSERT INTO "django_content_type" VALUES(5,'contenttypes','contenttype');
INSERT INTO "django_content_type" VALUES(6,'sessions','session');
INSERT INTO "django_content_type" VALUES(7,'bawabati_app','course');
INSERT INTO "django_content_type" VALUES(8,'bawabati_app','note');
INSERT INTO "django_content_type" VALUES(9,'bawabati_app','userprofile');
INSERT INTO "django_content_type" VALUES(10,'bawabati_app','enrollment');
INSERT INTO "django_content_type" VALUES(11,'students','eleve');
INSERT INTO "django_content_type" VALUES(12,'teachers','professeur');
INSERT INTO "django_content_type" VALUES(13,'courses','classe');
INSERT INTO "django_content_type" VALUES(14,'courses','cours');
INSERT INTO "django_content_type" VALUES(15,'grades','note');
CREATE TABLE "django_migrations" ("id" integer NOT NULL PRIMARY KEY AUTO_INCREMENT, "app" varchar(255) NOT NULL, "name" varchar(255) NOT NULL, "applied" datetime NOT NULL);
INSERT INTO "django_migrations" VALUES(1,'contenttypes','0001_initial','2025-04-23 19:15:09.180208');
INSERT INTO "django_migrations" VALUES(2,'auth','0001_initial','2025-04-23 19:15:09.242544');
INSERT INTO "django_migrations" VALUES(3,'admin','0001_initial','2025-04-23 19:15:09.289440');
INSERT INTO "django_migrations" VALUES(4,'admin','0002_logentry_remove_auto_add','2025-04-23 19:15:09.359145');
INSERT INTO "django_migrations" VALUES(5,'admin','0003_logentry_add_action_flag_choices','2025-04-23 19:15:09.418249');
INSERT INTO "django_migrations" VALUES(6,'contenttypes','0002_remove_content_type_name','2025-04-23 19:15:09.588534');
INSERT INTO "django_migrations" VALUES(7,'auth','0002_alter_permission_name_max_length','2025-04-23 19:15:09.643529');
INSERT INTO "django_migrations" VALUES(8,'auth','0003_alter_user_email_max_length','2025-04-23 19:15:09.702683');
INSERT INTO "django_migrations" VALUES(9,'auth','0004_alter_user_username_opts','2025-04-23 19:15:09.737701');
INSERT INTO "django_migrations" VALUES(10,'auth','0005_alter_user_last_login_null','2025-04-23 19:15:09.783697');
INSERT INTO "django_migrations" VALUES(11,'auth','0006_require_contenttypes_0002','2025-04-23 19:15:09.797702');
INSERT INTO "django_migrations" VALUES(12,'auth','0007_alter_validators_add_error_messages','2025-04-23 19:15:09.860195');
INSERT INTO "django_migrations" VALUES(13,'auth','0008_alter_user_username_max_length','2025-04-23 19:15:09.905196');
INSERT INTO "django_migrations" VALUES(14,'auth','0009_alter_user_last_name_max_length','2025-04-23 19:15:09.948920');
INSERT INTO "django_migrations" VALUES(15,'auth','0010_alter_group_name_max_length','2025-04-23 19:15:10.047038');
INSERT INTO "django_migrations" VALUES(16,'auth','0011_update_proxy_permissions','2025-04-23 19:15:10.075028');
INSERT INTO "django_migrations" VALUES(17,'auth','0012_alter_user_first_name_max_length','2025-04-23 19:15:10.119033');
INSERT INTO "django_migrations" VALUES(18,'bawabati_app','0001_initial','2025-04-23 19:15:10.506771');
INSERT INTO "django_migrations" VALUES(19,'teachers','0001_initial','2025-04-23 19:15:10.758489');
INSERT INTO "django_migrations" VALUES(20,'courses','0001_initial','2025-04-23 19:15:10.925322');
INSERT INTO "django_migrations" VALUES(21,'students','0001_initial','2025-04-23 19:15:10.968548');
INSERT INTO "django_migrations" VALUES(22,'grades','0001_initial','2025-04-23 19:15:11.121210');
INSERT INTO "django_migrations" VALUES(23,'sessions','0001_initial','2025-04-23 19:15:11.319551');
INSERT INTO "django_migrations" VALUES(24,'bawabati_app','0002_userprofile_profile_picture','2025-05-04 13:25:25.805339');
INSERT INTO "django_migrations" VALUES(25,'bawabati_app','0003_alter_note_file','2025-05-04 13:25:25.845595');
INSERT INTO "django_migrations" VALUES(26,'bawabati_app','0004_remove_course_assigned_teacher_and_more','2025-05-04 13:25:26.540229');
CREATE TABLE "django_session" ("session_key" varchar(40) NOT NULL PRIMARY KEY, "session_data" text NOT NULL, "expire_date" datetime NOT NULL);
INSERT INTO "django_session" VALUES('l5hmeji24171wbgmt3qzf9gdrl46sfkg','.eJxVjEEOwiAQRe_C2hAYCnRcuvcMBIZBqoYmpV0Z765NutDtf-_9lwhxW2vYOi9hyuIsQJx-txTpwW0H-R7bbZY0t3WZktwVedAur3Pm5-Vw_w5q7PVboxrAOBcJDVgw3mbkggq81yW5PGZQxJS0Rz8iQLLGJmbt0FOBgbR4fwC6nzcl:1u7fz7:_PakRoeBOQuaAkxvAqU_2pdfwNeOJbYhXd6E77-TozI','2025-05-07 19:42:17.360111');
INSERT INTO "django_session" VALUES('pq550bfxn311c1068l43nllqd27aq0yz','.eJxVjEEOwiAQRe_C2hAYCnRcuvcMBIZBqoYmpV0Z765NutDtf-_9lwhxW2vYOi9hyuIsQJx-txTpwW0H-R7bbZY0t3WZktwVedAur3Pm5-Vw_w5q7PVboxrAOBcJDVgw3mbkggq81yW5PGZQxJS0Rz8iQLLGJmbt0FOBgbR4fwC6nzcl:1u7ssL:isANqWr5qXrOLIq-RBc_q_QBuKy2sDHUB0P6hO9b08U','2025-05-08 09:28:09.129031');
INSERT INTO "django_session" VALUES('e3ecc6x84j1ll8nhe5mj8tismhm6zg0y','.eJxVjEEOwiAQRe_C2hAYCnRcuvcMBIZBqoYmpV0Z765NutDtf-_9lwhxW2vYOi9hyuIsQJx-txTpwW0H-R7bbZY0t3WZktwVedAur3Pm5-Vw_w5q7PVboxrAOBcJDVgw3mbkggq81yW5PGZQxJS0Rz8iQLLGJmbt0FOBgbR4fwC6nzcl:1u7ssL:isANqWr5qXrOLIq-RBc_q_QBuKy2sDHUB0P6hO9b08U','2025-05-08 09:28:09.293781');
INSERT INTO "django_session" VALUES('km5ecebvhgwrnh6d9ai2poivg3ykvfv3','.eJxVjEEOwiAQRe_C2hAYCnRcuvcMBIZBqoYmpV0Z765NutDtf-_9lwhxW2vYOi9hyuIsQJx-txTpwW0H-R7bbZY0t3WZktwVedAur3Pm5-Vw_w5q7PVboxrAOBcJDVgw3mbkggq81yW5PGZQxJS0Rz8iQLLGJmbt0FOBgbR4fwC6nzcl:1uCmsL:BWRL2zJlJZSdVV_0G6pOogPIw3a8P5Rf_UIR_PEF-kg','2025-05-21 22:04:25.148832');
INSERT INTO "django_session" VALUES('jatye2mkyw5hjxbemvy5pnsev2kziz4l','.eJxVjEEOwiAQRe_C2hAYCnRcuvcMBIZBqoYmpV0Z765NutDtf-_9lwhxW2vYOi9hyuIsQJx-txTpwW0H-R7bbZY0t3WZktwVedAur3Pm5-Vw_w5q7PVboxrAOBcJDVgw3mbkggq81yW5PGZQxJS0Rz8iQLLGJmbt0FOBgbR4fwC6nzcl:1uFZAI:HnSqfmDTs8DVW8MdVCyZ-I--T8IQjykjQxpmVHOj_4o','2025-05-29 14:02:26.769436');
CREATE TABLE "grades_note" ("id" integer NOT NULL PRIMARY KEY AUTO_INCREMENT, "note" decimal NOT NULL, "date_ajout" datetime NOT NULL, "cours_id" bigint NOT NULL REFERENCES "courses_cours" ("id") DEFERRABLE INITIALLY DEFERRED, "eleve_id" bigint NOT NULL REFERENCES "students_eleve" ("id") DEFERRABLE INITIALLY DEFERRED);
CREATE TABLE "students_eleve" ("id" integer NOT NULL PRIMARY KEY AUTO_INCREMENT, "nom" varchar(100) NOT NULL UNIQUE, "prenom" varchar(100) NOT NULL UNIQUE, "date_naissance" date NOT NULL, "email" varchar(100) NOT NULL UNIQUE, "classe_id" bigint NOT NULL REFERENCES "courses_classe" ("id") DEFERRABLE INITIALLY DEFERRED);
CREATE TABLE "teachers_professeur" ("id" integer NOT NULL PRIMARY KEY AUTO_INCREMENT, "nom" varchar(100) NOT NULL UNIQUE, "prenom" varchar(100) NOT NULL UNIQUE, "email" varchar(192) NOT NULL UNIQUE, "matiere" varchar(100) NOT NULL UNIQUE);
CREATE UNIQUE INDEX "auth_group_permissions_group_id_permission_id_0cd325b0_uniq" ON "auth_group_permissions" ("group_id", "permission_id");
CREATE INDEX "auth_group_permissions_group_id_b120cbf9" ON "auth_group_permissions" ("group_id");
CREATE INDEX "auth_group_permissions_permission_id_84c5c92e" ON "auth_group_permissions" ("permission_id");
CREATE UNIQUE INDEX "auth_user_groups_user_id_group_id_94350c0c_uniq" ON "auth_user_groups" ("user_id", "group_id");
CREATE INDEX "auth_user_groups_user_id_6a12ed8b" ON "auth_user_groups" ("user_id");
CREATE INDEX "auth_user_groups_group_id_97559544" ON "auth_user_groups" ("group_id");
CREATE UNIQUE INDEX "auth_user_user_permissions_user_id_permission_id_14a6b632_uniq" ON "auth_user_user_permissions" ("user_id", "permission_id");
CREATE INDEX "auth_user_user_permissions_user_id_a95ead1b" ON "auth_user_user_permissions" ("user_id");
CREATE INDEX "auth_user_user_permissions_permission_id_1fbb5f2c" ON "auth_user_user_permissions" ("permission_id");
CREATE INDEX "django_admin_log_content_type_id_c4bce8eb" ON "django_admin_log" ("content_type_id");
CREATE INDEX "django_admin_log_user_id_c564eba6" ON "django_admin_log" ("user_id");
CREATE UNIQUE INDEX "django_content_type_app_label_model_76bd3d3b_uniq" ON "django_content_type" ("app_label", "model");
CREATE UNIQUE INDEX "auth_permission_content_type_id_codename_01ab375a_uniq" ON "auth_permission" ("content_type_id", "codename");
CREATE INDEX "auth_permission_content_type_id_2f476e4b" ON "auth_permission" ("content_type_id");
CREATE INDEX "courses_cours_classe_id_afb55c98" ON "courses_cours" ("classe_id");
CREATE INDEX "courses_cours_professeur_id_be67abc8" ON "courses_cours" ("professeur_id");
CREATE INDEX "students_eleve_classe_id_13ed4741" ON "students_eleve" ("classe_id");
CREATE INDEX "grades_note_cours_id_b82139b8" ON "grades_note" ("cours_id");
CREATE INDEX "grades_note_eleve_id_5fc5478e" ON "grades_note" ("eleve_id");
CREATE INDEX "django_session_expire_date_a5c62663" ON "django_session" ("expire_date");
CREATE INDEX "bawabati_app_course_instructor_id_05248538" ON "bawabati_app_course" ("instructor_id");
CREATE UNIQUE INDEX "bawabati_app_enrollment_student_id_course_id_83174b99_uniq" ON "bawabati_app_enrollment" ("student_id", "course_id");
CREATE INDEX "bawabati_app_enrollment_course_id_c939f576" ON "bawabati_app_enrollment" ("course_id");
CREATE INDEX "bawabati_app_enrollment_student_id_29d5b125" ON "bawabati_app_enrollment" ("student_id");
CREATE INDEX "bawabati_app_note_course_id_8ef6ddbb" ON "bawabati_app_note" ("course_id");
CREATE INDEX "bawabati_app_note_uploaded_by_id_d46ef154" ON "bawabati_app_note" ("uploaded_by_id");
DELETE FROM "sqlite_sequence";
INSERT INTO "sqlite_sequence" VALUES('django_migrations',26);
INSERT INTO "sqlite_sequence" VALUES('django_admin_log',0);
INSERT INTO "sqlite_sequence" VALUES('django_content_type',15);
INSERT INTO "sqlite_sequence" VALUES('auth_permission',60);
INSERT INTO "sqlite_sequence" VALUES('auth_group',0);
INSERT INTO "sqlite_sequence" VALUES('auth_user',10);
INSERT INTO "sqlite_sequence" VALUES('bawabati_app_course',2);
INSERT INTO "sqlite_sequence" VALUES('bawabati_app_enrollment',0);
INSERT INTO "sqlite_sequence" VALUES('bawabati_app_userprofile',10);
INSERT INTO "sqlite_sequence" VALUES('bawabati_app_note',2);
COMMIT;
